{"@CBA_A3": {"size":2716550,"content":{"addons/cba_ai.pbo":37200,"addons/cba_help.pbo.cba_3.14.0.200207-215118a2.bisign":579,"addons/cba_modules.pbo":75473,"addons/cba_help.pbo":9833,"addons/cba_network.pbo.cba_3.14.0.200207-215118a2.bisign":579,"addons/cba_main_a3.pbo":3781,"addons/cba_optics.pbo.cba_3.14.0.200207-215118a2.bisign":579,"addons/cba_statemachine.pbo":36283,"addons/cba_events.pbo.cba_3.14.0.200207-215118a2.bisign":579,"addons/cba_accessory.pbo.cba_3.14.0.200207-215118a2.bisign":579,"addons/cba_events.pbo":97558,"addons/cba_arrays.pbo.cba_3.14.0.200207-215118a2.bisign":579,"addons/cba_ui.pbo":608233,"addons/cba_modules.pbo.cba_3.14.0.200207-215118a2.bisign":579,"addons/cba_disposable.pbo":21725,"addons/cba_common.pbo.cba_3.14.0.200207-215118a2.bisign":579,"addons/cba_arrays.pbo":42635,"addons/cba_xeh.pbo.cba_3.14.0.200207-215118a2.bisign":579,"addons/cba_main.pbo.cba_3.14.0.200207-215118a2.bisign":579,"addons/cba_xeh.pbo":80315,"addons/cba_versioning.pbo.cba_3.14.0.200207-215118a2.bisign":579,"addons/cba_common.pbo":265663,"addons/cba_strings.pbo.cba_3.14.0.200207-215118a2.bisign":579,"addons/cba_diagnostic.pbo.cba_3.14.0.200207-215118a2.bisign":579,"addons/cba_music.pbo.cba_3.14.0.200207-215118a2.bisign":579,"addons/cba_jr.pbo":79240,"addons/cba_ui.pbo.cba_3.14.0.200207-215118a2.bisign":579,"addons/cba_optics.pbo":478913,"addons/cba_vectors.pbo.cba_3.14.0.200207-215118a2.bisign":579,"addons/cba_ai.pbo.cba_3.14.0.200207-215118a2.bisign":579,"addons/cba_main.pbo":141552,"addons/cba_versioning.pbo":13128,"addons/cba_disposable.pbo.cba_3.14.0.200207-215118a2.bisign":579,"addons/cba_hashes.pbo":51610,"addons/cba_accessory.pbo":14839,"addons/cba_statemachine.pbo.cba_3.14.0.200207-215118a2.bisign":579,"addons/cba_settings.pbo.cba_3.14.0.200207-215118a2.bisign":579,"addons/cba_settings.pbo":230847,"addons/cba_jam.pbo":62292,"addons/cba_keybinding.pbo.cba_3.14.0.200207-215118a2.bisign":579,"addons/cba_network.pbo":13923,"addons/cba_vectors.pbo":33685,"addons/cba_main_a3.pbo.cba_3.14.0.200207-215118a2.bisign":579,"addons/cba_music.pbo":37613,"addons/cba_keybinding.pbo":67771,"addons/cba_diagnostic.pbo":54018,"addons/cba_ee.pbo.cba_3.14.0.200207-215118a2.bisign":579,"addons/cba_jam.pbo.cba_3.14.0.200207-215118a2.bisign":579,"addons/cba_jr.pbo.cba_3.14.0.200207-215118a2.bisign":579,"addons/cba_ee.pbo":1511,"addons/cba_hashes.pbo.cba_3.14.0.200207-215118a2.bisign":579,"addons/cba_strings.pbo":41617,"LICENSE.md":17925,"keys/cba_3.14.0.200207.bikey":179,"optionals/cba_legacy_jr.pbo.cba_3.14.0.200207-215118a2.bisign":579,"optionals/cba_disable_missing_mod_check.pbo.cba_3.14.0.200207-215118a2.bisign":579,"optionals/cba_disable_missing_mod_check.pbo":972,"optionals/cba_cache_disable.pbo.cba_3.14.0.200207-215118a2.bisign":579,"optionals/cba_diagnostic_disable_xeh_logging.pbo.cba_3.14.0.200207-215118a2.bisign":579,"optionals/cba_legacy_jr.pbo":18852,"optionals/cba_diagnostic_enable_logging.pbo.cba_3.14.0.200207-215118a2.bisign":579,"optionals/cba_jr_disable_long_scopes_on_short_mg_rail.pbo.cba_3.14.0.200207-215118a2.bisign":579,"optionals/cba_cache_disable.pbo":1002,"optionals/cba_diagnostic_enable_logging.pbo":1087,"optionals/cba_diagnostic_disable_xeh_logging.pbo":510,"optionals/cba_jr_disable_long_scopes_on_short_mg_rail.pbo":1229,"README.md":3451,"userconfig/cba_settings.sqf":0,"logo_cba_ca.paa":50354,"mod.cpp":1110,"meta.cpp":93}},"generateRepo.sh": {"size":3778},"file.out": {"size":500000000},"@ace": {"size":193514008,"content":{"ace_fcs_x64.dll":269312,"ace_advanced_ballistics.dll":273408,"addons/ace_main.pbo.ace_3.13.1.46-9b6ffdf4.bisign":575,"addons/ace_tripod.pbo":731656,"addons/ace_recoil.pbo":25127,"addons/ace_vehiclelock.pbo":270739,"addons/ace_ui.pbo.ace_3.13.1.46-9b6ffdf4.bisign":575,"addons/ace_cargo.pbo":143299,"addons/ace_medical_damage.pbo":71160,"addons/ace_tripod.pbo.ace_3.13.1.46-9b6ffdf4.bisign":575,"addons/ace_csw.pbo.ace_3.13.1.46-9b6ffdf4.bisign":575,"addons/ace_main.pbo":16045,"addons/ace_pylons.pbo":63268,"addons/ace_fcs.pbo":56607,"addons/ace_repair.pbo":8958471,"addons/ace_sandbag.pbo":2007547,"addons/ace_missileguidance.pbo.ace_3.13.1.46-9b6ffdf4.bisign":575,"addons/ace_safemode.pbo":14862,"addons/ace_attach.pbo.ace_3.13.1.46-9b6ffdf4.bisign":575,"addons/ace_yardage450.pbo.ace_3.13.1.46-9b6ffdf4.bisign":575,"addons/ace_zeus.pbo.ace_3.13.1.46-9b6ffdf4.bisign":575,"addons/ace_dragging.pbo.ace_3.13.1.46-9b6ffdf4.bisign":575,"addons/ace_scopes.pbo.ace_3.13.1.46-9b6ffdf4.bisign":575,"addons/ace_rearm.pbo.ace_3.13.1.46-9b6ffdf4.bisign":575,"addons/ace_tacticalladder.pbo.ace_3.13.1.46-9b6ffdf4.bisign":575,"addons/ace_medical_ai.pbo":22209,"addons/ace_advanced_throwing.pbo.ace_3.13.1.46-9b6ffdf4.bisign":575,"addons/ace_advanced_fatigue.pbo":70984,"addons/ace_zeus.pbo":431806,"addons/ace_trenches.pbo":75919,"addons/ace_refuel.pbo.ace_3.13.1.46-9b6ffdf4.bisign":575,"addons/ace_viewdistance.pbo":48737,"addons/ace_dagr.pbo.ace_3.13.1.46-9b6ffdf4.bisign":575,"addons/ace_rangecard.pbo":120783,"addons/ace_vector.pbo.ace_3.13.1.46-9b6ffdf4.bisign":575,"addons/ace_medical_status.pbo.ace_3.13.1.46-9b6ffdf4.bisign":575,"addons/ace_medical_treatment.pbo.ace_3.13.1.46-9b6ffdf4.bisign":575,"addons/ace_inventory.pbo.ace_3.13.1.46-9b6ffdf4.bisign":575,"addons/ace_medical_engine.pbo":60406,"addons/ace_advanced_throwing.pbo":77338,"addons/ace_mk6mortar.pbo":741509,"addons/ace_metis.pbo":6226,"addons/ace_maptools.pbo.ace_3.13.1.46-9b6ffdf4.bisign":575,"addons/ace_noradio.pbo.ace_3.13.1.46-9b6ffdf4.bisign":575,"addons/ace_gestures.pbo.ace_3.13.1.46-9b6ffdf4.bisign":575,"addons/ace_hot.pbo":42722,"addons/ace_realisticnames.pbo.ace_3.13.1.46-9b6ffdf4.bisign":575,"addons/ace_concertina_wire.pbo.ace_3.13.1.46-9b6ffdf4.bisign":575,"addons/ace_medical_blood.pbo":94532,"addons/ace_vehiclelock.pbo.ace_3.13.1.46-9b6ffdf4.bisign":575,"addons/ace_kestrel4500.pbo":1236798,"addons/ace_overheating.pbo.ace_3.13.1.46-9b6ffdf4.bisign":575,"addons/ace_minedetector.pbo":2249493,"addons/ace_arsenal.pbo":525960,"addons/ace_medical_ai.pbo.ace_3.13.1.46-9b6ffdf4.bisign":575,"addons/ace_mx2a.pbo":2165984,"addons/ace_mk6mortar.pbo.ace_3.13.1.46-9b6ffdf4.bisign":575,"addons/ace_disarming.pbo.ace_3.13.1.46-9b6ffdf4.bisign":575,"addons/ace_finger.pbo.ace_3.13.1.46-9b6ffdf4.bisign":575,"addons/ace_markers.pbo":50657,"addons/ace_logistics_wirecutter.pbo":1535571,"addons/ace_logistics_uavbattery.pbo":188527,"addons/ace_parachute.pbo":143232,"addons/ace_maverick.pbo.ace_3.13.1.46-9b6ffdf4.bisign":575,"addons/ace_artillerytables.pbo":420791,"addons/ace_goggles.pbo.ace_3.13.1.46-9b6ffdf4.bisign":575,"addons/ace_missionmodules.pbo":38923,"addons/ace_maverick.pbo":26481,"addons/ace_optics.pbo.ace_3.13.1.46-9b6ffdf4.bisign":575,"addons/ace_metis.pbo.ace_3.13.1.46-9b6ffdf4.bisign":575,"addons/ace_logistics_uavbattery.pbo.ace_3.13.1.46-9b6ffdf4.bisign":575,"addons/ace_hellfire.pbo.ace_3.13.1.46-9b6ffdf4.bisign":575,"addons/ace_overpressure.pbo":26359,"addons/ace_disarming.pbo":98849,"addons/ace_captives.pbo.ace_3.13.1.46-9b6ffdf4.bisign":575,"addons/ace_recoil.pbo.ace_3.13.1.46-9b6ffdf4.bisign":575,"addons/ace_ballistics.pbo":496605,"addons/ace_markers.pbo.ace_3.13.1.46-9b6ffdf4.bisign":575,"addons/ace_interaction.pbo":385614,"addons/ace_huntir.pbo.ace_3.13.1.46-9b6ffdf4.bisign":575,"addons/ace_optics.pbo":5897954,"addons/ace_apl.pbo.ace_3.13.1.46-9b6ffdf4.bisign":575,"addons/ace_gforces.pbo":14477,"addons/ace_parachute.pbo.ace_3.13.1.46-9b6ffdf4.bisign":575,"addons/ace_hot.pbo.ace_3.13.1.46-9b6ffdf4.bisign":575,"addons/ace_tagging.pbo":975421,"addons/ace_noidle.pbo.ace_3.13.1.46-9b6ffdf4.bisign":575,"addons/ace_missionmodules.pbo.ace_3.13.1.46-9b6ffdf4.bisign":575,"addons/ace_winddeflection.pbo":30703,"addons/ace_ballistics.pbo.ace_3.13.1.46-9b6ffdf4.bisign":575,"addons/ace_quickmount.pbo":41962,"addons/ace_aircraft.pbo.ace_3.13.1.46-9b6ffdf4.bisign":575,"addons/ace_rangecard.pbo.ace_3.13.1.46-9b6ffdf4.bisign":575,"addons/ace_spectator.pbo":680557,"addons/ace_dragon.pbo":11737680,